AprilSR,Super Mario 63
AprilSR,Steamworld Dig 2
AprilSR,Portal 2
AprilSR,Celeste Category Extensions
AprilSR,Fidnseed 2.99
AprilSR,Herobrine's Return
AprilSR,Super Mario 64
AprilSR,Multiple Mario Games
AprilSR,Super Mario Galaxy 2
AprilSR,Super Mario Galaxy
AprilSR,Super Mario Sunshine
AprilSR,Minecraft
AprilSR,Shifting Temple
AprilSR,Diversity 3
AprilSR,Super Hostile
AprilSR,Universal Paperclips
AprilSR,Deltarune
AprilSR,Celeste
AprilSR,88 Madness
AprilSR,Timed Minecraft Custom Map Challenge Maps
AprilSR,Zero Time Dilemma: The Minecraft Map
AprilSR,Super Mario Odyssey
AprilSR,Color Jumper
AprilSR,Quantum Conundrum
AprilSR,Super Mario Sunshine 64
AprilSR,World of Goo
AprilSR,Last Legacy: Null Space
AprilSR,Last Legacy Chapter 1
AprilSR,Wow! Wow! Wubzy
AprilSR,MINECRAFT: Flash Game
AprilSR,Camera Obscura
AprilSR,Club Penguin
AprilSR,Cave Story
AprilSR,The Esotericism of Bargo: Majora's Mastiff
AprilSR,Granny's Garden
AprilSR,Perplexus Original
AprilSR,Super Mario Bros.
AprilSR,GT and the Evil Factory
AprilSR,"Go, Diego, Go! Safari Rescue"
AprilSR,Super Mario 64 Really Good Edition
AprilSR,Run 3
AprilSR,Super Mario Bros. Star Scramble
AprilSR,Papyrus's Big Christmas Adventure
AprilSR,Undertale
AprilSR,Mario Combat
AprilSR,Minecraft - ApertureCraft Vanilla
AprilSR,New Super Mario Bros.
AprilSR,Sketch's World Division
AprilSR,JA Finance Park
AprilSR,Velocitgmae
TheeSizzler,Minecraft
TheeSizzler,Minecraft Dungeons
TheeSizzler,!findseed the map
TheeSizzler,Super Hostile
TheeSizzler,ButtonHunt
TheeSizzler,Raft Wars
TheeSizzler,LEGO The Lord of the Rings
TheeSizzler,You Have to Burn the Rope
TheeSizzler,Agar.io
TheeSizzler,Random Heroes
TheeSizzler,LEGO Star Wars: The Complete Saga
TheeSizzler,Agent Smith
TheeSizzler,Herobrine's Return
Crafterdark,Minecraft
Crafterdark,Super Hostile
Crafterdark,Minecraft: Bedrock Edition Category Extensions
Crafterdark,!findseed the map
Crafterdark,Cube Escape: The Lake
Crafterdark,Cube Escape: The Cave
Crafterdark,Cube Escape: Seasons
Crafterdark,Submachine 1: The Basement
Crafterdark,Epic Battle Fantasy 4
Crafterdark,Epic Battle Fantasy Adventure Story
Crafterdark,Epic Battle Fantasy 3
Crafterdark,Epic Battle Fantasy 2
Crafterdark,Epic Battle Fantasy
Crafterdark,Diversity 2
Four,Minecraft
Four,SpongeBob SquarePants: Battle for Bikini Bottom
Four,Jump King
Four,Super Mario 64
Four,The SpongeBob SquarePants Movie
Four,Exit Path
SpeedNintendo,Fidnseed 2.99
SpeedNintendo,Minecraft
SpeedNintendo,Super Mario Odyssey
SpeedNintendo,Minecraft: Terra Swoop Force
SpeedNintendo,Portal 2
SpeedNintendo,Super Mario 64
SpeedNintendo,SM64 - The Green Comet
SpeedNintendo,Xenoblade Chronicles 2
k,Minecraft
k,Hypixel Server Parkour
k,Minecraft: Bedrock Edition Category Extensions
k,CELESTE Classic
k,Super Dangerous Dungeons
k,Mad Dex 2
k,Super Bernie World
k,Mario Kart 8
k,Super Mario Bros.
k,Super Mario Maker for Nintendo 3DS
k,Super Smash Bros. for Nintendo 3DS
k,Mario Kart 7
k,New Super Mario Bros. 2
Luminosity,Minecraft
Boscarvidios,Minecraft
Boscarvidios,Flappy Bird
KaptainWutax,Minecraft
VRplaYK,The Arcane Corridor
VRplaYK,Minecraft
Willz,Minecraft
Willz,!findseed the map
randomidiot13,Minecraft
randomidiot13,!findseed the map
randomidiot13,You Can't Do Simple Maths Under Pressure
randomidiot13,Plague Inc.
DKEN,Minecraft
SkyRota,Minecraft
SkyRota,We Were Here
belj,Minecraft
belj,Jstris
Denry,Minecraft
Denry,!findseed the map
Renderedblue,Minecraft
CasseRoll,Minecraft
pistacium,Minecraft
nottherealben,Minecraft
winona_rar,Minecraft
Cubing_Cinematics,Minecraft
Cubing_Cinematics,Minecraft: Bedrock Edition Category Extensions
Cubing_Cinematics,Minecraft (Classic)
Cubing_Cinematics,!findseed the map
MrMangoHands,Minecraft
Krystl,Minecraft
